{"loss": [3056.51708984375, 1196.90283203125, 884.205078125, 796.8631591796875, 853.464599609375], "duration_loss": [13.71838092803955, 72.6144790649414, 110.52009582519531, 106.9024658203125, 115.94330596923828], "pitch_loss": [5.420644760131836, 11.693801879882812, 14.861424446105957, 14.43575382232666, 13.655075073242188], "step_loss": [11.808058738708496, 74.22242736816406, 111.92642974853516, 125.466796875, 118.90715026855469], "velocity_loss": [3025.570068359375, 1038.3720703125, 646.8970947265625, 550.0582275390625, 604.9590454101562], "duration_mse": [6.1049299240112305, 52.51951217651367, 86.49227905273438, 84.65143585205078, 87.35133361816406], "pitch_accuracy": [0.01953125, 0.01953125, 0.02734375, 0.02734375, 0.02734375], "step_mse": [4.917634010314941, 52.0782470703125, 81.09907531738281, 99.51309204101562, 90.45767211914062], "velocity_mse": [3022.18115234375, 1038.3720703125, 646.8970947265625, 550.0582275390625, 604.9590454101562]}