{"loss": [3221.359375, 1861.8125, 1213.395751953125, 1045.2286376953125, 1039.2392578125], "duration_loss": [16.688156127929688, 83.48109436035156, 148.61849975585938, 177.79159545898438, 159.23837280273438], "pitch_loss": [5.5540947914123535, 11.390098571777344, 16.829273223876953, 19.789703369140625, 19.058025360107422], "step_loss": [16.431072235107422, 69.39447021484375, 131.239990234375, 163.50668334960938, 159.3765869140625], "velocity_loss": [3182.68603515625, 1697.546875, 916.7078857421875, 684.1407470703125, 701.5662841796875], "duration_mse": [13.744823455810547, 75.31438446044922, 126.11811065673828, 150.53533935546875, 133.44961547851562], "pitch_accuracy": [0.00390625, 0.0078125, 0.0078125, 0.0, 0.0234375], "step_mse": [11.197235107421875, 60.85487747192383, 112.27775573730469, 137.810302734375, 124.02461242675781], "velocity_mse": [3181.52978515625, 1697.546875, 916.7078857421875, 684.1407470703125, 701.5662841796875]}