{"loss": [65.79360961914062, 7.2351765632629395, 10.004676818847656, 6.078417778015137, 5.685302257537842], "pitch_loss": [5.621623516082764, 4.810776710510254, 4.694031715393066, 4.540993690490723, 4.534151077270508], "step_loss": [60.17198181152344, 2.4243993759155273, 5.310644626617432, 1.5374239683151245, 1.1511510610580444], "pitch_accuracy": [0.01171875, 0.00390625, 0.015625, 0.00390625, 0.01171875], "step_mse": [58.1069450378418, 1.80020010471344, 3.8086555004119873, 1.1373143196105957, 0.7271116375923157]}