{"loss": [82.23316192626953, 10.050947189331055, 9.145193099975586, 6.200691223144531, 6.029122352600098], "pitch_loss": [5.469213962554932, 4.756069183349609, 4.6127519607543945, 4.550034046173096, 4.563271522521973], "step_loss": [76.7639389038086, 5.294878005981445, 4.53244161605835, 1.6506569385528564, 1.465850591659546], "pitch_accuracy": [0.01171875, 0.0, 0.015625, 0.01171875, 0.0234375], "step_mse": [74.12342071533203, 3.0452423095703125, 4.181713104248047, 1.175889253616333, 0.9012312293052673]}