{"loss": [1.3054550886154175, 0.7774895429611206, 0.668670117855072, 0.5379202961921692, 0.48755526542663574, 0.4657119810581207, 0.43916648626327515, 0.42285627126693726, 0.41314202547073364, 0.401919424533844], "pitch_loss": [5.986762046813965, 6.161938667297363, 5.88006067276001, 5.632782936096191, 5.331910133361816, 5.1723785400390625, 5.035198211669922, 4.855841159820557, 4.70064640045166, 4.622704982757568], "step_loss": [11.304248809814453, 11.427650451660156, 8.088605880737305, 5.411393642425537, 3.8222708702087402, 2.6805243492126465, 1.8876739740371704, 1.5462977886199951, 1.0918095111846924, 0.9472835659980774], "velocity_loss": [893.07421875, 355.1160583496094, 293.781005859375, 202.16714477539062, 182.73703002929688, 180.28775024414062, 168.52976989746094, 164.6012725830078, 167.19154357910156, 161.31143188476562], "pitch_accuracy": [0.0302734375, 0.03789062425494194, 0.0341796875, 0.03242187574505806, 0.04296875, 0.03632812574505806, 0.03632812574505806, 0.03535156324505806, 0.03789062425494194, 0.03671874850988388], "step_mse": [8.175168991088867, 7.673937797546387, 5.206110954284668, 3.620556354522705, 2.4952502250671387, 1.753564476966858, 1.2621896266937256, 1.0763128995895386, 0.7496970295906067, 0.6263618469238281], "velocity_mse": [893.0311279296875, 355.1160583496094, 293.781005859375, 202.16714477539062, 182.73703002929688, 180.28775024414062, 168.52976989746094, 164.6012725830078, 167.19154357910156, 161.31143188476562], "val_loss": [0.5174064040184021, 0.5287831425666809, 0.4005831778049469, 0.36954548954963684, 0.3621405065059662, 0.39545920491218567, 0.34308505058288574, 0.3510492146015167, 0.36809101700782776, 0.33804523944854736], "val_pitch_loss": [4.14438009262085, 4.088962078094482, 3.996063470840454, 3.9987833499908447, 3.920717716217041, 3.9005532264709473, 3.9160752296447754, 3.908557653427124, 3.8868296146392822, 3.8912694454193115], "val_step_loss": [4.53769588470459, 0.43279677629470825, 2.98433780670166, 0.8842985033988953, 0.27442604303359985, 0.6168130040168762, 0.4421098828315735, 0.11722834408283234, 0.25446295738220215, 0.19686907529830933], "val_velocity_loss": [264.8104248046875, 320.0070495605469, 170.93663024902344, 160.7633056640625, 163.36033630371094, 194.26341247558594, 142.86019897460938, 154.4490203857422, 171.20489501953125, 141.5130615234375], "val_pitch_accuracy": [0.03480113670229912, 0.03480113670229912, 0.028409091755747795, 0.024857955053448677, 0.029829544946551323, 0.029829544946551323, 0.029829544946551323, 0.029829544946551323, 0.02911931835114956, 0.029829544946551323], "val_step_mse": [4.53769588470459, 0.43279677629470825, 2.98433780670166, 0.8842985033988953, 0.27442604303359985, 0.6168130040168762, 0.4421098828315735, 0.11722834408283234, 0.25446295738220215, 0.19686907529830933], "val_velocity_mse": [264.8104248046875, 320.0070495605469, 170.93663024902344, 160.7633056640625, 163.36033630371094, 194.26341247558594, 142.86019897460938, 154.4490203857422, 171.20489501953125, 141.5130615234375]}