{"loss": [1.244660496711731, 0.7745183706283569, 0.6417507529258728, 0.5208100080490112, 0.48200005292892456, 0.4594443738460541, 0.4427158236503601, 0.4219222962856293, 0.4117434024810791, 0.4024827480316162, 0.3900434374809265, 0.39012110233306885, 0.37431979179382324, 0.37267372012138367, 0.3673202693462372, 0.3613196015357971, 0.3579225242137909, 0.3550878167152405, 0.3511151969432831, 0.34907034039497375], "pitch_loss": [6.002671718597412, 6.114270210266113, 5.827086448669434, 5.610778331756592, 5.3590006828308105, 5.15949010848999, 5.0420451164245605, 4.840548038482666, 4.706047534942627, 4.622807025909424, 4.583491325378418, 4.466135501861572, 4.383578777313232, 4.336606979370117, 4.281040191650391, 4.237823963165283, 4.2020344734191895, 4.154009819030762, 4.1260271072387695, 4.106778621673584], "step_loss": [11.939359664916992, 11.593162536621094, 7.902079105377197, 5.627295017242432, 3.7598159313201904, 2.8944308757781982, 2.1712114810943604, 1.508762240409851, 1.209303855895996, 0.970025897026062, 0.739353358745575, 0.5770843029022217, 0.4805695116519928, 0.3571856617927551, 0.3047373592853546, 0.23502635955810547, 0.19427764415740967, 0.19692115485668182, 0.15748319029808044, 0.13343580067157745], "velocity_loss": [825.1331176757812, 352.8731994628906, 271.37554931640625, 183.99815368652344, 176.451904296875, 172.52548217773438, 168.90147399902344, 164.80722045898438, 164.3480682373047, 161.64212036132812, 153.47543334960938, 161.04348754882812, 150.3351287841797, 152.27151489257812, 150.220947265625, 147.0780792236328, 145.8780059814453, 145.41806030273438, 143.2389373779297, 142.39703369140625], "pitch_accuracy": [0.02773437462747097, 0.03750000149011612, 0.03281249850988388, 0.03183593600988388, 0.0341796875, 0.03378906100988388, 0.03046875074505806, 0.04023437574505806, 0.03945312649011612, 0.04042968899011612, 0.03847656399011612, 0.04042968899011612, 0.04023437574505806, 0.0380859375, 0.04296875, 0.04414062574505806, 0.04667968675494194, 0.04472656175494194, 0.04667968675494194, 0.0478515625], "step_mse": [8.068086624145508, 7.651325225830078, 5.141102313995361, 3.7019124031066895, 2.4923932552337646, 1.8885161876678467, 1.4379408359527588, 1.0220286846160889, 0.8224916458129883, 0.6537872552871704, 0.511544406414032, 0.3889847695827484, 0.34564024209976196, 0.24697430431842804, 0.22681781649589539, 0.17635248601436615, 0.14601832628250122, 0.1409296691417694, 0.11656119674444199, 0.10495461523532867], "velocity_mse": [825.115234375, 352.8731994628906, 271.37554931640625, 183.99815368652344, 176.451904296875, 172.52548217773438, 168.90147399902344, 164.80722045898438, 164.3480682373047, 161.64212036132812, 153.47543334960938, 161.04348754882812, 150.3351287841797, 152.27151489257812, 150.220947265625, 147.0780792236328, 145.8780059814453, 145.41806030273438, 143.2389373779297, 142.39703369140625], "val_loss": [0.502013087272644, 0.5512048006057739, 0.38212645053863525, 0.360385537147522, 0.35846444964408875, 0.3679148852825165, 0.3878576457500458, 0.3722641170024872, 0.3595994710922241, 0.3609928488731384, 0.33791548013687134, 0.347115159034729, 0.3554309904575348, 0.34525564312934875, 0.38196471333503723, 0.35623741149902344, 0.34213167428970337, 0.34930285811424255, 0.3270472586154938, 0.34590765833854675], "val_pitch_loss": [4.026557445526123, 4.004552841186523, 3.988112449645996, 3.965294599533081, 3.9492990970611572, 3.9081029891967773, 3.9007139205932617, 3.8808515071868896, 3.883695125579834, 3.8797836303710938, 3.8696095943450928, 3.8546316623687744, 3.8536407947540283, 3.8497228622436523, 3.8412892818450928, 3.840334415435791, 3.838297128677368, 3.8237829208374023, 3.8251168727874756, 3.829906702041626], "val_step_loss": [2.6867430210113525, 0.9248237609863281, 2.037165641784668, 1.2846386432647705, 0.631904661655426, 1.3393210172653198, 0.5821998119354248, 0.17638061940670013, 0.32859358191490173, 0.10950259864330292, 0.18815182149410248, 0.0985664576292038, 0.0605274923145771, 0.2521932125091553, 0.03950827196240425, 0.025337837636470795, 0.025042463093996048, 0.050172366201877594, 0.03325953707098961, 0.035741452127695084], "val_velocity_loss": [273.8177795410156, 341.7289123535156, 162.34918212890625, 149.27438354492188, 154.68043518066406, 159.11651611328125, 186.99993896484375, 176.45770263671875, 162.12875366210938, 165.9086151123047, 142.55348205566406, 153.3979034423828, 162.14369201660156, 150.24757385253906, 189.50518798828125, 163.96730041503906, 149.96636962890625, 157.61192321777344, 135.45883178710938, 154.05487060546875], "val_pitch_accuracy": [0.029829544946551323, 0.029829544946551323, 0.022017044946551323, 0.029829544946551323, 0.029829544946551323, 0.029829544946551323, 0.029829544946551323, 0.029829544946551323, 0.029829544946551323, 0.029829544946551323, 0.029829544946551323, 0.028409091755747795, 0.029829544946551323, 0.029829544946551323, 0.030539773404598236, 0.034090910106897354, 0.041903410106897354, 0.044034089893102646, 0.03551136329770088, 0.04332386329770088], "val_step_mse": [2.6867430210113525, 0.9248237609863281, 2.037165641784668, 1.2846386432647705, 0.631904661655426, 1.3393210172653198, 0.5821998119354248, 0.17638061940670013, 0.32859358191490173, 0.10950259864330292, 0.18815182149410248, 0.0985664576292038, 0.0605274923145771, 0.2521932125091553, 0.03950827196240425, 0.025337837636470795, 0.025042463093996048, 0.050172366201877594, 0.03325953707098961, 0.035741452127695084], "val_velocity_mse": [273.8177795410156, 341.7289123535156, 162.34918212890625, 149.27438354492188, 154.68043518066406, 159.11651611328125, 186.99993896484375, 176.45770263671875, 162.12875366210938, 165.9086151123047, 142.55348205566406, 153.3979034423828, 162.14369201660156, 150.24757385253906, 189.50518798828125, 163.96730041503906, 149.96636962890625, 157.61192321777344, 135.45883178710938, 154.05487060546875]}